text,label,confidence,reason,needs_review
頭悪いからできないよね,1,1.0,manual,False
ごめんね,0,1.0,manual,False
すみませんでした,0,1.0,manual,False
ばか、そんなこともわからないの,1,1.0,manual,False
また同じミスしたんだ、さすがだね,1,1.0,manual,False
資料ありがとうございます、助かりました,0,1.0,manual,False
なんでお前がここにいるの,1,1.0,manual,False
一応やってはみたけど、まあ期待はしてなかった,1,1.0,manual,False
明日の会議は10時からです,0,1.0,manual,False
これくらい常識でしょ、普通わかるよね,1,1.0,manual,False
手伝ってくれてありがとう、すごく助かった,0,1.0,manual,False
そんなんだから信頼されないんだよ,1,1.0,manual,False
今度からは気をつけます,0,1.0,manual,False
君に任せた俺が間違いだった,1,1.0,manual,False
いつもお疲れさまです,0,1.0,manual,False
次までにやっておけよ、できなかったら分かってるよな,1,1.0,manual,False
質問があれば聞いてください,0,1.0,manual,False
なんかキモいんだけど,1,1.0,manual,False
資料の締め切りは金曜日でお願いします,0,1.0,manual,False
どうせまた無理なんでしょ,1,1.0,manual,False
新しいプロジェクト楽しみです,0,1.0,manual,False
言い訳ばっかりで情けない,1,1.0,manual,False
体調どうですか、無理しないでくださいね,0,1.0,manual,False
使えないやつだな、もう頼まない,1,1.0,manual,False
今日は天気がいいですね,0,1.0,manual,False
黙ってろよ、お前の意見なんか誰も聞いてない,1,1.0,manual,False
おかげさまで無事終わりました,0,1.0,manual,False
これ、小学生でもできるよ,1,1.0,manual,False
ちゃんと確認してから送ってくださいね,0,1.0,manual,False
何回言ったらわかるの、頭大丈夫？,1,1.0,manual,False
ありがとう,0,1.0,manual,False
わざわざありがとう,0,1.0,manual,False
かす,1,1.0,manual,False
本当に助かりました、感謝しています,0,1.0,manual,False
その程度のこともできないの、笑える,1,1.0,manual,False
おつかれさまでした、また明日,0,1.0,manual,False
何度も同じこと聞かないでよ、迷惑なんだけど,1,1.0,manual,False
このプロジェクトは来月スタートです,0,1.0,manual,False
さすがですね、勉強になります,0,1.0,manual,False
君がいると場の空気が悪くなるんだよね,1,1.0,manual,False
昼休憩は12時からです,0,1.0,manual,False
努力の方向間違ってるよ、無駄無駄,1,1.0,manual,False
いつもサポートしていただき助かっています,0,1.0,manual,False
そんなレベルでよく仕事してるよね,1,1.0,manual,False
提出期限を過ぎているようです、確認お願いします,0,1.0,manual,False
一緒に頑張りましょう,0,1.0,manual,False
誰でもできることをドヤ顔でやるなよ,1,1.0,manual,False
研修お疲れさまでした,0,1.0,manual,False
お前がいるだけで邪魔なんだけど,1,1.0,manual,False
今後ともよろしくお願いいたします,0,1.0,manual,False
まともに話も聞けないのか,1,1.0,manual,False
発表準備ありがとうございました、とても分かりやすかったです,0,1.0,manual,False
これも分からないなんて信じられない,1,1.0,manual,False
定例ミーティングは水曜日です,0,1.0,manual,False
役に立たないやつだな,1,1.0,manual,False
体調不良でお休みします,0,1.0,manual,False
自分の頭で考えたら？いちいち聞くなよ,1,1.0,manual,False
新人研修の資料を送ります,0,1.0,manual,False
どうしていつもそうなの、うんざりする,1,1.0,manual,False
遅くまでありがとうございました,0,1.0,manual,False
お前は本当に無能だな,1,1.0,manual,False
週末はゆっくり休んでください,0,1.0,manual,False
何回教えても覚えないよね、才能ないんじゃない,1,1.0,manual,False
承知いたしました、対応します,0,1.0,manual,False
その意見はちょっと違うと思う、笑,1,1.0,manual,False
出張から戻りました、お土産です,0,1.0,manual,False
存在自体が迷惑なんだよ,1,1.0,manual,False
確認事項がありますのでご連絡します,0,1.0,manual,False
君にできるわけないでしょ,1,1.0,manual,False
本日はありがとうございました,0,1.0,manual,False
言われた通りにできないの、それくらい普通でしょ,1,1.0,manual,False
先週の資料修正しました、ご確認ください,0,1.0,manual,False
なんでいつもそんなに要領悪いの,1,1.0,manual,False
チームに貢献してくれて感謝しています,0,1.0,manual,False
まともにできないなら辞めたら,1,1.0,manual,False
本日の予定を共有します,0,1.0,manual,False
その意見、的外れすぎて笑える,1,1.0,manual,False
面談の日程調整お願いします,0,1.0,manual,False
足を引っ張るだけなら来なくていいよ,1,1.0,manual,False
お誕生日おめでとうございます,0,1.0,manual,False
どうせできないんだから最初からやるなよ,1,1.0,manual,False
新商品の説明資料を添付します,0,1.0,manual,False
君みたいなのがいるから進まないんだよ,1,1.0,manual,False
コーヒーでも飲みながら休憩しましょう,0,1.0,manual,False
言い訳する暇があったら手動かせよ,1,1.0,manual,False
研修内容についてフィードバックお願いします,0,1.0,manual,False
存在感がなさすぎて逆にすごいね,1,1.0,manual,False
月次報告書を提出します,0,1.0,manual,False
その仕事量で疲れたとか甘えすぎ,1,1.0,manual,False
サポートありがとうございました、助かりました,0,1.0,manual,False
何回言えばわかるの、頭の中お花畑？,1,1.0,manual,False
面白い提案ですね、検討します,0,1.0,manual,False
お前がいなくても誰も困らないよ,1,1.0,manual,False
無事プロジェクトが完了しました,0,1.0,manual,False
それしかできないの、恥ずかしくないの,1,1.0,manual,False
アンケートへのご協力ありがとうございます,0,1.0,manual,False
料理上手だね,0,1.0,targeted_compliment,False
早起き偉いね,0,1.0,targeted_compliment,False
発表堂々としてたね,0,1.0,targeted_compliment,False
アイデア面白いね,0,1.0,targeted_compliment,False
字がきれいだね,0,1.0,targeted_compliment,False
説明分かりやすかったね,0,1.0,targeted_compliment,False
絵が上手だね,0,1.0,targeted_compliment,False
歌うまいね,0,1.0,targeted_compliment,False
仕事早いね,0,1.0,targeted_compliment,False
気配りできてすごいね,0,1.0,targeted_compliment,False
その企画いいね,0,1.0,targeted_compliment,False
新しい靴かっこいいね,0,1.0,targeted_compliment,False
プレゼン上手だったね,0,1.0,targeted_compliment,False
その資料分かりやすいね,0,1.0,targeted_compliment,False
笑顔が素敵だね,0,1.0,targeted_compliment,False
声が優しいね,0,1.0,targeted_compliment,False
判断早くてすごいね,0,1.0,targeted_compliment,False
継続してて偉いね,0,1.0,targeted_compliment,False
努力家だね,0,1.0,targeted_compliment,False
頼りになるね,0,1.0,targeted_compliment,False
その発想なかったわ、すごいね,0,1.0,targeted_compliment,False
丁寧な仕事するね,0,1.0,targeted_compliment,False
記憶力いいね,0,1.0,targeted_compliment,False
足速いね,0,1.0,targeted_compliment,False
料理のセンスあるね,0,1.0,targeted_compliment,False
最近顔つき変わった？,1,1.0,targeted_body_dig,False
痩せた？前と違う感じ,1,1.0,targeted_body_dig,False
服のサイズ変えたの,1,1.0,targeted_body_dig,False
なんか丸くなった気がする,1,1.0,targeted_body_dig,False
その服前より窮屈そうだね,1,1.0,targeted_body_dig,False
顔むくんでない,1,1.0,targeted_body_dig,False
最近食べ過ぎなんじゃない,1,1.0,targeted_body_dig,False
前より着る服変わったよね,1,1.0,targeted_body_dig,False
なんか疲れて見えるけど大丈夫,1,1.0,targeted_body_dig,False
昔の写真と全然違うね,1,1.0,targeted_body_dig,False
その髪型似合ってなくない,1,1.0,targeted_body_dig,False
肌荒れてるけど大丈夫,1,1.0,targeted_body_dig,False
声変わった、老けた,1,1.0,targeted_body_dig,False
姿勢悪くなったね,1,1.0,targeted_body_dig,False
運動不足なんじゃない,1,1.0,targeted_body_dig,False
発音きれいだね,0,1.0,targeted_dane_positive,False
説明丁寧だね,0,1.0,targeted_dane_positive,False
アイデア斬新だね,0,1.0,targeted_dane_positive,False
準備周到だね,0,1.0,targeted_dane_positive,False
気が利くね,0,1.0,targeted_dane_positive,False
手先器用だね,0,1.0,targeted_dane_positive,False
センスいいね,0,1.0,targeted_dane_positive,False
話し上手だね,0,1.0,targeted_dane_positive,False
聞き上手だね,0,1.0,targeted_dane_positive,False
リーダーシップあるね,0,1.0,targeted_dane_positive,False
まとめ方うまいね,0,1.0,targeted_dane_positive,False
分析鋭いね,0,1.0,targeted_dane_positive,False
発想力あるね,0,1.0,targeted_dane_positive,False
集中力すごいね,0,1.0,targeted_dane_positive,False
対応早いね,0,1.0,targeted_dane_positive,False
気遣いできるね,0,1.0,targeted_dane_positive,False
優しいね,0,1.0,targeted_dane_positive,False
頼もしいね,0,1.0,targeted_dane_positive,False
芯が強いね,0,1.0,targeted_dane_positive,False
前向きだね,0,1.0,targeted_dane_positive,False
柔軟だね,0,1.0,targeted_dane_positive,False
冷静だね,0,1.0,targeted_dane_positive,False
バランス感覚いいね,0,1.0,targeted_dane_positive,False
交渉うまいね,0,1.0,targeted_dane_positive,False
説得力あるね,0,1.0,targeted_dane_positive,False
構成わかりやすいね,0,1.0,targeted_dane_positive,False
デザインセンスいいね,0,1.0,targeted_dane_positive,False
手際いいね,0,1.0,targeted_dane_positive,False
段取りいいね,0,1.0,targeted_dane_positive,False
気持ち伝わったよ、ありがとう,0,1.0,targeted_dane_positive,False
提案参考になったよ,0,1.0,targeted_dane_positive,False
サポート助かったよ,0,1.0,targeted_dane_positive,False
フォロー早いね,0,1.0,targeted_dane_positive,False
気配り細やかだね,0,1.0,targeted_dane_positive,False
資料見やすいね,0,1.0,targeted_dane_positive,False
話がまとまってるね,0,1.0,targeted_dane_positive,False
対応丁寧だね,0,1.0,targeted_dane_positive,False
動き速いね,0,1.0,targeted_dane_positive,False
目線が優しいね,0,1.0,targeted_dane_positive,False
説明が的確だね,0,1.0,targeted_dane_positive,False
姿勢が真面目だね,0,1.0,targeted_dane_positive,False
忍耐強いね,0,1.0,targeted_dane_positive,False
チームワークいいね,0,1.0,targeted_dane_positive,False
発言に説得力あるね,0,1.0,targeted_dane_positive,False
決断力あるね,0,1.0,targeted_dane_positive,False
空気読めるね,0,1.0,targeted_dane_positive,False
バイタリティあるね,0,1.0,targeted_dane_positive,False
好奇心旺盛だね,0,1.0,targeted_dane_positive,False
向上心あるね,0,1.0,targeted_dane_positive,False
表現力豊かだね,0,1.0,targeted_dane_positive,False
また忘れたの、さすがだね,1,1.0,targeted_dane_sarcastic,False
今回も遅刻、いつも通りだね,1,1.0,targeted_dane_sarcastic,False
その発言、また空気読めてないね,1,1.0,targeted_dane_sarcastic,False
相変わらず要領悪いね,1,1.0,targeted_dane_sarcastic,False
その説明、余計わかりにくくなったね,1,1.0,targeted_dane_sarcastic,False
また同じ質問、成長しないね,1,1.0,targeted_dane_sarcastic,False
いつも通り準備不足だね,1,1.0,targeted_dane_sarcastic,False
その資料、雑だね,1,1.0,targeted_dane_sarcastic,False
相変わらず的外れだね,1,1.0,targeted_dane_sarcastic,False
その判断、また失敗しそうだね,1,1.0,targeted_dane_sarcastic,False
一人だけ浮いてるね,1,1.0,targeted_dane_sarcastic,False
相変わらず自己中だね,1,1.0,targeted_dane_sarcastic,False
その意見、誰も求めてないね,1,1.0,targeted_dane_sarcastic,False
また余計なことしたね,1,1.0,targeted_dane_sarcastic,False
その言い訳、苦しいね,1,1.0,targeted_dane_sarcastic,False
相変わらず口だけだね,1,1.0,targeted_dane_sarcastic,False
今回も期待外れだったね,1,1.0,targeted_dane_sarcastic,False
その態度、感じ悪いね,1,1.0,targeted_dane_sarcastic,False
またミスか、器用だね,1,1.0,targeted_dane_sarcastic,False
その考え方、浅いね,1,1.0,targeted_dane_sarcastic,False
いつも通り適当だね,1,1.0,targeted_dane_sarcastic,False
その反応、鈍いね,1,1.0,targeted_dane_sarcastic,False
また空回りしてるね,1,1.0,targeted_dane_sarcastic,False
その発想、ズレてるね,1,1.0,targeted_dane_sarcastic,False
相変わらず頼りないね,1,1.0,targeted_dane_sarcastic,False
その仕事ぶり、雑だね,1,1.0,targeted_dane_sarcastic,False
また同じ失敗、学習しないね,1,1.0,targeted_dane_sarcastic,False
その説明、下手だね,1,1.0,targeted_dane_sarcastic,False
いつも通り中途半端だね,1,1.0,targeted_dane_sarcastic,False
その姿勢、やる気なさそうだね,1,1.0,targeted_dane_sarcastic,False
また遅れてる、余裕だね,1,1.0,targeted_dane_sarcastic,False
その対応、冷たいね,1,1.0,targeted_dane_sarcastic,False
相変わらず場違いだね,1,1.0,targeted_dane_sarcastic,False
その話、つまらないね,1,1.0,targeted_dane_sarcastic,False
またサボってたの、暇だね,1,1.0,targeted_dane_sarcastic,False
その考え、浅はかだね,1,1.0,targeted_dane_sarcastic,False
いつも通り無責任だね,1,1.0,targeted_dane_sarcastic,False
その動き、鈍臭いね,1,1.0,targeted_dane_sarcastic,False
相変わらず空気悪くするね,1,1.0,targeted_dane_sarcastic,False
また文句だけ、楽そうだね,1,1.0,targeted_dane_sarcastic,False
その仕事、遅すぎるね,1,1.0,targeted_dane_sarcastic,False
いつも通り言い訳上手だね,1,1.0,targeted_dane_sarcastic,False
その態度、子供っぽいね,1,1.0,targeted_dane_sarcastic,False
相変わらず自分勝手だね,1,1.0,targeted_dane_sarcastic,False
その発言、無神経だね,1,1.0,targeted_dane_sarcastic,False
また逃げるの、慣れてるね,1,1.0,targeted_dane_sarcastic,False
その説明、意味不明だね,1,1.0,targeted_dane_sarcastic,False
いつも通り詰めが甘いね,1,1.0,targeted_dane_sarcastic,False
その仕事ぶり、期待できないね,1,1.0,targeted_dane_sarcastic,
最近ちょっとふっくらした？,1,1.0,targeted_body_dig2,False
その服、前より小さく見えるね,1,1.0,targeted_body_dig2,False
顔色悪くない？ちゃんと寝てる？,1,1.0,targeted_body_dig2,False
なんか老けた気がする,1,1.0,targeted_body_dig2,False
体型変わったよね,1,1.0,targeted_body_dig2,False
前よりお腹出てない？,1,1.0,targeted_body_dig2,False
その体型で大丈夫なの,1,1.0,targeted_body_dig2,False
二重顎になってきたね,1,1.0,targeted_body_dig2,False
頬がこけてない？,1,1.0,targeted_body_dig2,False
その服、似合ってないと思うよ,1,1.0,targeted_body_dig2,False
なんか疲れた顔してるね,1,1.0,targeted_body_dig2,False
髪薄くなってきたんじゃない,1,1.0,targeted_body_dig2,False
しわ増えたね,1,1.0,targeted_body_dig2,False
その髪型、老けて見えるよ,1,1.0,targeted_body_dig2,False
顔にニキビ増えてない？,1,1.0,targeted_body_dig2,False
なんか猫背になってきたね,1,1.0,targeted_body_dig2,False
その体型維持できてるの？,1,1.0,targeted_body_dig2,False
目の下のクマすごいね,1,1.0,targeted_body_dig2,False
太ももたくましくなったね,1,1.0,targeted_body_dig2,False
お腹周り気にしてる？,1,1.0,targeted_body_dig2,False
その靴、サイズ変えたの,1,1.0,targeted_body_dig2,False
顔がむくんでるように見えるけど,1,1.0,targeted_body_dig2,False
なんか肌荒れてない？,1,1.0,targeted_body_dig2,False
二の腕たくましいね,1,1.0,targeted_body_dig2,False
前より疲れて見える,1,1.0,targeted_body_dig2,False
サイズアウトしたんじゃない,1,1.0,targeted_body_dig2,False
その体型で走れるの,1,1.0,targeted_body_dig2,False
なんか丸っこくなったね,1,1.0,targeted_body_dig2,False
顔つき変わったよね、心配,1,1.0,targeted_body_dig2,False
その体重で健康なの？,1,1.0,targeted_body_dig2,False
なんか猫背が目立つね,1,1.0,targeted_body_dig2,False
その服、パツパツじゃない,1,1.0,targeted_body_dig2,False
髪型、老けて見えるよ,1,1.0,targeted_body_dig2,False
なんか肌つやなくない？,1,1.0,targeted_body_dig2,False
その姿勢、老けて見えるよ,1,1.0,targeted_body_dig2,False
前より動きが鈍くなったね,1,1.0,targeted_body_dig2,False
なんか顔色悪いよ、大丈夫？,1,1.0,targeted_body_dig2,False
その体型、自己管理できてないよね,1,1.0,targeted_body_dig2,False
頬のたるみ気になるね,1,1.0,targeted_body_dig2,False
最近運動してないでしょ、見た目でわかる,1,1.0,targeted_body_dig2,False
髪型変えたんだね、似合ってる,0,1.0,targeted_appearance_benign,False
日焼けしたね、旅行行ったの？,0,1.0,targeted_appearance_benign,False
今日は元気そうだね,0,1.0,targeted_appearance_benign,False
新しい服買ったんだ、素敵だね,0,1.0,targeted_appearance_benign,False
髪切ったんだね、さっぱりしたね,0,1.0,targeted_appearance_benign,False
顔色良くなったね、体調戻った？,0,1.0,targeted_appearance_benign,False
その眼鏡似合ってるね,0,1.0,targeted_appearance_benign,False
姿勢きれいだね,0,1.0,targeted_appearance_benign,False
肌つやいいね,0,1.0,targeted_appearance_benign,False
その髪色似合ってるね,0,1.0,targeted_appearance_benign,False
筋トレしてるんだね、体つきいいね,0,1.0,targeted_appearance_benign,False
元気そうで安心した,0,1.0,targeted_appearance_benign,False
その服のセンスいいね,0,1.0,targeted_appearance_benign,False
健康的に日焼けしたね,0,1.0,targeted_appearance_benign,False
髪伸びたね、印象変わった,0,1.0,targeted_appearance_benign,False
マラソン始めたんだね、体締まってきたね,0,1.0,targeted_appearance_benign,False
その化粧似合ってるね,0,1.0,targeted_appearance_benign,False
スーツ似合ってるね,0,1.0,targeted_appearance_benign,False
表情明るくなったね,0,1.0,targeted_appearance_benign,False
体調戻ってきたみたいで良かった,0,1.0,targeted_appearance_benign,False
新しいメガネいいね,0,1.0,targeted_appearance_benign,False
その靴お洒落だね,0,1.0,targeted_appearance_benign,False
笑顔が増えたね,0,1.0,targeted_appearance_benign,False
髪型似合っててかっこいいね,0,1.0,targeted_appearance_benign,False
肌の調子良さそうだね,0,1.0,targeted_appearance_benign,False
スキンケア変えたの、効果出てるね,0,1.0,targeted_appearance_benign,False
その服の色似合ってるね,0,1.0,targeted_appearance_benign,False
健康診断の結果良かったんだね,0,1.0,targeted_appearance_benign,False
体力ついてきたみたいだね,0,1.0,targeted_appearance_benign,False
姿勢良くなったね、意識してるの,0,1.0,targeted_appearance_benign,False
髪型イメチェンしたんだね,0,1.0,targeted_appearance_benign,False
表情柔らかくなったね,0,1.0,targeted_appearance_benign,False
その靴かわいいね,0,1.0,targeted_appearance_benign,False
日々のケア効果出てるね,0,1.0,targeted_appearance_benign,False
元気な顔見れて嬉しいよ,0,1.0,targeted_appearance_benign,False
その帽子似合ってるね,0,1.0,targeted_appearance_benign,False
声にハリがあるね,0,1.0,targeted_appearance_benign,False
動きが軽やかになったね,0,1.0,targeted_appearance_benign,False
その色似合ってるね,0,1.0,targeted_appearance_benign,False
リラックスした表情だね,0,1.0,targeted_appearance_benign,False
その資格勉強、努力すごいね,0,1.0,targeted_sugoi_word_fix,False
短期間でここまで上達すごいね,0,1.0,targeted_sugoi_word_fix,False
毎日続けててすごいね,0,1.0,targeted_sugoi_word_fix,False
その発想力すごいね,0,1.0,targeted_sugoi_word_fix,False
一人でやり遂げてすごいね,0,1.0,targeted_sugoi_word_fix,False
その集中力すごいね,0,1.0,targeted_sugoi_word_fix,False
準備の丁寧さすごいね,0,1.0,targeted_sugoi_word_fix,False
その粘り強さすごいね,0,1.0,targeted_sugoi_word_fix,False
お上手な言い訳ですね。次も期待しています,1,1.0,manual,False
そんなバカバカしい議論には付き合っていられない,0,1.0,manual,False
小学生のようにはしゃいでましたね,1,1.0,manual,False
本当に大人ですか？,1,1.0,manual,False
小学生って元気でいいよね,0,1.0,manual,False
そんなにのんびりしていて、悩みがなくて幸せですね,0,1.0,manual,False
そんな格好でよく外出れるね,1,1.0,targeted_weakspot_clothing,False
その服のセンス、独特だね,1,1.0,targeted_weakspot_clothing,False
その組み合わせ、思い切ったね,1,1.0,targeted_weakspot_clothing,False
その服、時代遅れじゃない,1,1.0,targeted_weakspot_clothing,False
コーディネートセンスなさすぎ,1,1.0,targeted_weakspot_clothing,False
その髪型と服、合ってなくない,1,1.0,targeted_weakspot_clothing,False
訛りすごいね、田舎者って感じ,1,1.0,targeted_weakspot_dialect,False
その喋り方、田舎くさいよね,1,1.0,targeted_weakspot_dialect,False
方言直した方がいいんじゃない,1,1.0,targeted_weakspot_dialect,False
なまってて聞き取りづらいんだけど,1,1.0,targeted_weakspot_dialect,False
その訛り恥ずかしくないの,1,1.0,targeted_weakspot_dialect,False
その写真、盛れてなくない,1,1.0,targeted_weakspot_photo,False
写真だと余計老けて見えるね,1,1.0,targeted_weakspot_photo,False
その角度、正直微妙だね,1,1.0,targeted_weakspot_photo,False
写真写り年々悪くなってるね,1,1.0,targeted_weakspot_photo,False
その服の組み合わせおしゃれだね,0,1.0,targeted_weakspot_clothing_benign,False
その服装、季節感あっていいね,0,1.0,targeted_weakspot_clothing_benign,False
服のセンス真似したいくらい,0,1.0,targeted_weakspot_clothing_benign,False
その服のコーデ参考になる,0,1.0,targeted_weakspot_clothing_benign,False
その方言かわいいね、好き,0,1.0,targeted_weakspot_dialect_benign,False
お国訛り出てて親しみ感じるよ,0,1.0,targeted_weakspot_dialect_benign,False
訛りがあると温かみ感じるね,0,1.0,targeted_weakspot_dialect_benign,False
方言で話すと安心する,0,1.0,targeted_weakspot_dialect_benign,False
写真上手に撮れてるね,0,1.0,targeted_weakspot_photo_benign,False
この角度、いい表情だね,0,1.0,targeted_weakspot_photo_benign,False
写真センスいいね,0,1.0,targeted_weakspot_photo_benign,False
その写真、雰囲気良く撮れてるね,0,1.0,targeted_weakspot_photo_benign,False
とても丁寧に、何度も同じミスを繰り返しますね,1,1.0,targeted_keigo_sarcasm,False
実に素晴らしい遅刻ぶりですね,1,1.0,targeted_keigo_sarcasm,False
さすがの言い訳の多さですね,1,1.0,targeted_keigo_sarcasm,False
ご立派な欠席回数でしたね,1,1.0,targeted_keigo_sarcasm,False
大変結構な居眠りでしたね,1,1.0,targeted_keigo_sarcasm,False
とても頼もしい先延ばしですね,1,1.0,targeted_keigo_sarcasm,False
実にお見事な空回りっぷりでしたね,1,1.0,targeted_keigo_sarcasm,False
さぞ充実したサボりだったんでしょうね,1,1.0,targeted_keigo_sarcasm,False
ご丁寧にまた締め切りを破りましたね,1,1.0,targeted_keigo_sarcasm,False
大変勉強になる失敗でしたね,1,1.0,targeted_keigo_sarcasm,False
さすがのスケジュール遅延ですね,1,1.0,targeted_keigo_sarcasm,False
とても誠実な二枚舌でしたね,1,1.0,targeted_keigo_sarcasm,False
実に見事な責任転嫁でしたね,1,1.0,targeted_keigo_sarcasm,False
ご立派な言い訳のセンスですね,1,1.0,targeted_keigo_sarcasm,False
さすがの投げやりな対応でしたね,1,1.0,targeted_keigo_sarcasm,False
大変丁寧に手を抜きましたね,1,1.0,targeted_keigo_sarcasm,False
実に堂々とした遅刻でしたね,1,1.0,targeted_keigo_sarcasm,False
ご立派な放置っぷりでしたね,1,1.0,targeted_keigo_sarcasm,False
とても素晴らしい先送りですね,1,1.0,targeted_keigo_sarcasm,False
お仕事がとても丁寧で、いつまでも終わらないですね,1,1.0,targeted_keigo_sarcasm,False
素晴らしい効率ですね,1,1.0,targeted_keigo_sarcasm,False
ご立派な存在感でしたね,1,1.0,targeted_keigo_sarcasm,False
相変わらずお優しいことですね,1,1.0,targeted_keigo_sarcasm,False
とても丁寧なお仕事ぶりですね,0,1.0,targeted_keigo_genuine,False
実に素晴らしい発表でしたね,0,1.0,targeted_keigo_genuine,False
さすがの対応の早さですね,0,1.0,targeted_keigo_genuine,False
ご立派な成果を上げられましたね,0,1.0,targeted_keigo_genuine,False
大変分かりやすい説明でしたね,0,1.0,targeted_keigo_genuine,False
とても頼もしい判断でしたね,0,1.0,targeted_keigo_genuine,False
実にお見事な仕上がりでしたね,0,1.0,targeted_keigo_genuine,False
さぞ大変な準備だったでしょうね、お疲れ様です,0,1.0,targeted_keigo_genuine,False
ご丁寧に何度も確認していただきましたね,0,1.0,targeted_keigo_genuine,False
大変勉強になるお話でした,0,1.0,targeted_keigo_genuine,False
さすがの手際の良さですね,0,1.0,targeted_keigo_genuine,False
とても誠実なご対応でしたね,0,1.0,targeted_keigo_genuine,False
実に見事なプレゼンでしたね,0,1.0,targeted_keigo_genuine,False
ご立派なリーダーシップでしたね,0,1.0,targeted_keigo_genuine,False
随分と成長されましたね,0,1.0,targeted_keigo_genuine,False
さすがの集中力でしたね,0,1.0,targeted_keigo_genuine,False
大変丁寧にご対応いただきました,0,1.0,targeted_keigo_genuine,False
実に堂々とした発表でしたね,0,1.0,targeted_keigo_genuine,False
ご立派な心配りでしたね,0,1.0,targeted_keigo_genuine,False
とても素晴らしいチームワークですね,0,1.0,targeted_keigo_genuine,False
お似合いの装いですね,1,1.0,targeted_keigo_sarcasm2,False
とても個性的な着こなしですね,1,1.0,targeted_keigo_sarcasm2,False
実にユニークなファッションセンスですね,1,1.0,targeted_keigo_sarcasm2,False
さすがの二度寝っぷりですね,1,1.0,targeted_keigo_sarcasm2,False
とても優雅な居眠りでしたね,1,1.0,targeted_keigo_sarcasm2,False
ご丁寧に何度も寝坊されますね,1,1.0,targeted_keigo_sarcasm2,False
大変立派な遅刻癖ですね,1,1.0,targeted_keigo_sarcasm2,False
さすがの先延ばし力ですね,1,1.0,targeted_keigo_sarcasm2,False
実に頼りになる欠席でしたね,1,1.0,targeted_keigo_sarcasm2,False
とても素晴らしいドタキャンですね,1,1.0,targeted_keigo_sarcasm2,False
さすがの忘れっぷりですね,1,1.0,targeted_keigo_sarcasm2,False
ご立派な後回し癖ですね,1,1.0,targeted_keigo_sarcasm2,False
大変結構なサボり癖ですね,1,1.0,targeted_keigo_sarcasm2,False
実に丁寧な手抜きでしたね,1,1.0,targeted_keigo_sarcasm2,False
さすがの言い逃れでしたね,1,1.0,targeted_keigo_sarcasm2,False
とても堂々とした遅刻でしたね,1,1.0,targeted_keigo_sarcasm2,False
ご丁寧に約束を破りましたね,1,1.0,targeted_keigo_sarcasm2,False
実に見事な責任逃れですね,1,1.0,targeted_keigo_sarcasm2,False
さすがのやる気のなさですね,1,1.0,targeted_keigo_sarcasm2,False
とても素敵な無責任さですね,1,1.0,targeted_keigo_sarcasm2,False
ご立派な言い訳力ですね,1,1.0,targeted_keigo_sarcasm2,False
大変頼もしい先送りっぷりですね,1,1.0,targeted_keigo_sarcasm2,False
さすがの手の抜き方ですね,1,1.0,targeted_keigo_sarcasm2,False
実に優雅なサボりでしたね,1,1.0,targeted_keigo_sarcasm2,False
とても素晴らしい二枚舌でしたね,1,1.0,targeted_keigo_sarcasm2,False
さすがの実力ですね,0,1.0,targeted_keigo_sasuga_fix,False
さすがのリーダーシップですね,0,1.0,targeted_keigo_sasuga_fix,False
さすがの経験値ですね,0,1.0,targeted_keigo_sasuga_fix,False
さすがの丁寧さですね,0,1.0,targeted_keigo_sasuga_fix,False
さすがの発想力ですね,0,1.0,targeted_keigo_sasuga_fix,False
さすがの粘り強さですね,0,1.0,targeted_keigo_sasuga_fix,False
さすがの気配りですね,0,1.0,targeted_keigo_sasuga_fix,False
さすがの段取りの良さですね,0,1.0,targeted_keigo_sasuga_fix,False
さすがの決断力ですね,0,1.0,targeted_keigo_sasuga_fix,False
さすがの気遣いですね,0,1.0,targeted_keigo_sasuga_fix,False
とても立派な心構えですね,0,1.0,targeted_keigo_genuine2,False
実に頼もしい姿勢ですね,0,1.0,targeted_keigo_genuine2,False
ご丁寧なご指導ありがとうございます,0,1.0,targeted_keigo_genuine2,False
大変素晴らしいご提案でしたね,0,1.0,targeted_keigo_genuine2,False
とても優雅な立ち振る舞いですね,0,1.0,targeted_keigo_genuine2,False
実に見事なチームワークでしたね,0,1.0,targeted_keigo_genuine2,False
ご立派なおもてなしでしたね,0,1.0,targeted_keigo_genuine2,False
大変丁寧なフォローでしたね,0,1.0,targeted_keigo_genuine2,False
とても頼りになるサポートでしたね,0,1.0,targeted_keigo_genuine2,False
実に堂々とした受け答えでしたね,0,1.0,targeted_keigo_genuine2,False
ご丁寧なご連絡ありがとうございます,0,1.0,targeted_keigo_genuine2,False
大変立派な心遣いでしたね,0,1.0,targeted_keigo_genuine2,False
とても誠実な姿勢ですね,0,1.0,targeted_keigo_genuine2,False
実に頼もしいご対応でしたね,0,1.0,targeted_keigo_genuine2,False
立派な発表でしたね笑,1,1.0,targeted_warai_sarcasm,False
素敵なアイデアですね笑,1,1.0,targeted_warai_sarcasm,False
さすがですね笑,1,1.0,targeted_warai_sarcasm,False
頑張りましたね笑,1,1.0,targeted_warai_sarcasm,False
お上手ですね笑,1,1.0,targeted_warai_sarcasm,False
よくやりましたね笑,1,1.0,targeted_warai_sarcasm,False
立派な仕事ぶりですね笑,1,1.0,targeted_warai_sarcasm,False
すごい発想ですね笑,1,1.0,targeted_warai_sarcasm,False
丁寧な仕事ですね笑,1,1.0,targeted_warai_sarcasm,False
素晴らしい対応でしたね笑,1,1.0,targeted_warai_sarcasm,False
とても親切ですね笑,1,1.0,targeted_warai_sarcasm,False
頼りになりますね笑,1,1.0,targeted_warai_sarcasm,False
立派な心がけですね笑,1,1.0,targeted_warai_sarcasm,False
優秀ですね笑,1,1.0,targeted_warai_sarcasm,False
センスいいですね笑,1,1.0,targeted_warai_sarcasm,False
天才ですね笑,1,1.0,targeted_warai_sarcasm,False
さすがのプロですね笑,1,1.0,targeted_warai_sarcasm,False
きれいな字ですね笑,1,1.0,targeted_warai_sarcasm,False
おしゃれですね笑,1,1.0,targeted_warai_sarcasm,False
お似合いですね笑,1,1.0,targeted_warai_sarcasm,False
立派な発表でしたね,0,1.0,targeted_warai_genuine,False
素敵なアイデアですね,0,1.0,targeted_warai_genuine,False
さすがですね,0,1.0,targeted_warai_genuine,False
頑張りましたね,0,1.0,targeted_warai_genuine,False
お上手ですね,0,1.0,targeted_warai_genuine,False
よくやりましたね,0,1.0,targeted_warai_genuine,False
立派な仕事ぶりですね,0,1.0,targeted_warai_genuine,False
すごい発想ですね,0,1.0,targeted_warai_genuine,False
丁寧な仕事ですね,0,1.0,targeted_warai_genuine,False
素晴らしい対応でしたね,0,1.0,targeted_warai_genuine,False
とても親切ですね,0,1.0,targeted_warai_genuine,False
頼りになりますね,0,1.0,targeted_warai_genuine,False
立派な心がけですね,0,1.0,targeted_warai_genuine,False
優秀ですね,0,1.0,targeted_warai_genuine,False
センスいいですね,0,1.0,targeted_warai_genuine,False
天才ですね,0,1.0,targeted_warai_genuine,False
さすがのプロですね,0,1.0,targeted_warai_genuine,False
きれいな字ですね,0,1.0,targeted_warai_genuine,False
おしゃれですね,0,1.0,targeted_warai_genuine,False
お似合いですね,0,1.0,targeted_warai_genuine,False
その服、勇気あるね,1,1.0,targeted_clothing_sarcasm2,False
その組み合わせ、攻めてるね,1,1.0,targeted_clothing_sarcasm2,False
なかなか個性的なファッションだね,1,1.0,targeted_clothing_sarcasm2,False
その柄、目立つね,1,1.0,targeted_clothing_sarcasm2,False
その色使い、独特だね,1,1.0,targeted_clothing_sarcasm2,False
その服装、話題になりそうだね,1,1.0,targeted_clothing_sarcasm2,False
その靴、思い切ったね,1,1.0,targeted_clothing_sarcasm2,False
そのコーディネート、斬新すぎない,1,1.0,targeted_clothing_sarcasm2,False
その服、誰かに借りたの,1,1.0,targeted_clothing_sarcasm2,False
その柄、目がチカチカする,1,1.0,targeted_clothing_sarcasm2,False
その服、洗濯機で事故ったの,1,1.0,targeted_clothing_sarcasm2,False
その組み合わせ、色覚検査みたい,1,1.0,targeted_clothing_sarcasm2,False
その服、寝間着かと思った,1,1.0,targeted_clothing_sarcasm2,False
その靴、サイズ間違えてない,1,1.0,targeted_clothing_sarcasm2,False
その服、リサイクルショップの見切り品みたい,1,1.0,targeted_clothing_sarcasm2,False
その帽子、なんの罰ゲーム,1,1.0,targeted_clothing_sarcasm2,False
その服、逆に清々しいね,1,1.0,targeted_clothing_sarcasm2,False
その柄、酔いそう,1,1.0,targeted_clothing_sarcasm2,False
その服、誰も注意しなかったの,1,1.0,targeted_clothing_sarcasm2,False
そのファッション、勇者だね,1,1.0,targeted_clothing_sarcasm2,False
その服、目立ちたいだけでしょ,1,1.0,targeted_clothing_sarcasm2,False
その靴、コスプレかと思った,1,1.0,targeted_clothing_sarcasm2,False
その服のセンス、誰も止めなかったの,1,1.0,targeted_clothing_sarcasm2,False
その組み合わせ、色弱テストみたい,1,1.0,targeted_clothing_sarcasm2,False
その服、来る前に鏡見た？,1,1.0,targeted_clothing_sarcasm2,False
その服、センスいいね,0,1.0,targeted_clothing_genuine2,False
その組み合わせ、おしゃれだね,0,1.0,targeted_clothing_genuine2,False
その柄、素敵だね,0,1.0,targeted_clothing_genuine2,False
その色使い、上品だね,0,1.0,targeted_clothing_genuine2,False
その服装、季節感あるね,0,1.0,targeted_clothing_genuine2,False
その靴、かっこいいね,0,1.0,targeted_clothing_genuine2,False
そのコーディネート、参考になるよ,0,1.0,targeted_clothing_genuine2,False
その服、よく似合ってる,0,1.0,targeted_clothing_genuine2,False
その柄、可愛いね,0,1.0,targeted_clothing_genuine2,False
その服、上品な印象だね,0,1.0,targeted_clothing_genuine2,False
その帽子、似合ってるね,0,1.0,targeted_clothing_genuine2,False
その服、清潔感あっていいね,0,1.0,targeted_clothing_genuine2,False
その靴、機能的でいいね,0,1.0,targeted_clothing_genuine2,False
その服のセンス、真似したいくらい,0,1.0,targeted_clothing_genuine2,False
その組み合わせ、バランスいいね,0,1.0,targeted_clothing_genuine2,False
その服、トレンド感あるね,0,1.0,targeted_clothing_genuine2,False
よくその服着れるね,1,1.0,targeted_yoku_ne_sarcasm,False
よくそんなミスできるね,1,1.0,targeted_yoku_ne_sarcasm,False
よく人前でそんなこと言えるね,1,1.0,targeted_yoku_ne_sarcasm,False
よくそんな態度取れるね,1,1.0,targeted_yoku_ne_sarcasm,False
よくそれで平気でいられるね,1,1.0,targeted_yoku_ne_sarcasm,False
よくそんな格好で出社できるね,1,1.0,targeted_yoku_ne_sarcasm,False
よくそのレベルで発表できるね,1,1.0,targeted_yoku_ne_sarcasm,False
よくそんな雑な仕事出せるね,1,1.0,targeted_yoku_ne_sarcasm,False
よくそれで満足できるね,1,1.0,targeted_yoku_ne_sarcasm,False
よくそんな言い訳思いつくね,1,1.0,targeted_yoku_ne_sarcasm,False
よくそんな時間に来れるね,1,1.0,targeted_yoku_ne_sarcasm,False
よくその状態で提出できるね,1,1.0,targeted_yoku_ne_sarcasm,False
よくそれで自信持てるね,1,1.0,targeted_yoku_ne_sarcasm,False
よくそんな声で歌えるね,1,1.0,targeted_yoku_ne_sarcasm,False
よくそんなに堂々と遅刻できるね,1,1.0,targeted_yoku_ne_sarcasm,False
よくそんな短時間で終わらせられるね,0,1.0,targeted_yoku_ne_genuine,False
よくそんな難しい問題解けるね,0,1.0,targeted_yoku_ne_genuine,False
よくそれだけ覚えられるね,0,1.0,targeted_yoku_ne_genuine,False
よくそんなに冷静でいられるね,0,1.0,targeted_yoku_ne_genuine,False
よくそんな重い荷物持てるね,0,1.0,targeted_yoku_ne_genuine,False
よくそんなに毎日続けられるね,0,1.0,targeted_yoku_ne_genuine,False
よくそんな複雑な作業できるね,0,1.0,targeted_yoku_ne_genuine,False
よくそれだけ丁寧にできるね,0,1.0,targeted_yoku_ne_genuine,False
よくそんなプレッシャーの中話せるね,0,1.0,targeted_yoku_ne_genuine,False
よくそんなに早起きできるね,0,1.0,targeted_yoku_ne_genuine,False
よくそれだけ我慢できるね,0,1.0,targeted_yoku_ne_genuine,False
よくそんな高い所登れるね,0,1.0,targeted_yoku_ne_genuine,False
よくそんなに集中できるね,0,1.0,targeted_yoku_ne_genuine,False
よくその状況で笑顔でいられるね,0,1.0,targeted_yoku_ne_genuine,False
よくそんな量こなせるね,0,1.0,targeted_yoku_ne_genuine,False
その訛り、直した方がいいよ,1,1.0,targeted_dialect_topup,False
方言出すぎて笑っちゃう,1,1.0,targeted_dialect_topup,False
その喋り方、田舎丸出しだね,1,1.0,targeted_dialect_topup,False
なまってて何言ってるかわからない,1,1.0,targeted_dialect_topup,False
その方言、味があっていいね,0,1.0,targeted_dialect_topup_genuine,False
訛ってても伝わるから大丈夫だよ,0,1.0,targeted_dialect_topup_genuine,False
その写真、加工した方がいいんじゃない,1,1.0,targeted_photo_topup,False
写真だと別人みたいだね,1,1.0,targeted_photo_topup,False
その顔、写真写りだけは残念だね,1,1.0,targeted_photo_topup,False
その写真、自然体でいいね,0,1.0,targeted_photo_topup_genuine,False
いい瞬間の写真だね,0,1.0,targeted_photo_topup_genuine,False
育休長くて羨ましいね,1,1.0,targeted_family_jealousy,False
時短勤務できていいご身分だね,1,1.0,targeted_family_jealousy,False
有給消化できて羨ましい限りだね,1,1.0,targeted_family_jealousy,False
旦那さんに養ってもらえていいね,1,1.0,targeted_family_jealousy,False
実家の援助があるから余裕だよね,1,1.0,targeted_family_jealousy,False
産休中は暇でいいね,1,1.0,targeted_family_jealousy,False
親のコネで就職できていいね,1,1.0,targeted_family_jealousy,False
扶養に入れて羨ましいね,1,1.0,targeted_family_jealousy,False
残業しなくていい身分だね,1,1.0,targeted_family_jealousy,False
会社に守られてて安心だね,1,1.0,targeted_family_jealousy,False
補助金もらえていいご身分だね,1,1.0,targeted_family_jealousy,False
手当が出るからやっていけるんだよね,1,1.0,targeted_family_jealousy,False
サポート付きでいいなあ,1,1.0,targeted_family_jealousy,False
恵まれた環境で羨ましい限り,1,1.0,targeted_family_jealousy,False
誰かに助けてもらってばかりで羨ましいね,1,1.0,targeted_family_jealousy,False
育休取れる環境でよかったね,0,1.0,targeted_family_genuine,False
時短勤務、家族との時間大事にできていいね,0,1.0,targeted_family_genuine,False
有給しっかり取れて偉いね,0,1.0,targeted_family_genuine,False
ご夫婦で協力されてて素敵ですね,0,1.0,targeted_family_genuine,False
実家が近くて心強いね,0,1.0,targeted_family_genuine,False
産休中、ゆっくり休んでね,0,1.0,targeted_family_genuine,False
就職おめでとう、頑張ってね,0,1.0,targeted_family_genuine,False
扶養控除の手続き終わったんだね,0,1.0,targeted_family_genuine,False
定時で帰れる日が増えてよかったね,0,1.0,targeted_family_genuine,False
会社のサポート制度充実してるね,0,1.0,targeted_family_genuine,False
補助金申請できてよかったね,0,1.0,targeted_family_genuine,False
手当のこと詳しいね、助かる,0,1.0,targeted_family_genuine,False
サポート体制整っててありがたいね,0,1.0,targeted_family_genuine,False
恵まれた環境に感謝だね,0,1.0,targeted_family_genuine,False
周りに助けてもらえて良かったね,0,1.0,targeted_family_genuine,False
その資料、後で送りますね,0,1.0,targeted_sono_neutral,False
その件、確認しておきます,0,1.0,targeted_sono_neutral,False
その時間で大丈夫です,0,1.0,targeted_sono_neutral,False
その方法、試してみますね,0,1.0,targeted_sono_neutral,False
その本、面白そうだね,0,1.0,targeted_sono_neutral,False
その提案、採用しましょう,0,1.0,targeted_sono_neutral,False
その道、近道みたいだね,0,1.0,targeted_sono_neutral,False
その店、美味しいらしいよ,0,1.0,targeted_sono_neutral,False
その映画、観てみたいな,0,1.0,targeted_sono_neutral,False
その計画、いいと思う,0,1.0,targeted_sono_neutral,False
その考え方、賛成です,0,1.0,targeted_sono_neutral,False
その件、ありがとうございました,0,1.0,targeted_sono_neutral,False
その仕事、お願いしてもいいですか,0,1.0,targeted_sono_neutral,False
その日程で問題ありません,0,1.0,targeted_sono_neutral,False
その説明で理解できました,0,1.0,targeted_sono_neutral,False
その旅行羨ましいな、いいなあ,0,1.0,targeted_urayamashii_genuine,False
そのスタイル羨ましい,0,1.0,targeted_urayamashii_genuine,False
その部屋広くて羨ましい,0,1.0,targeted_urayamashii_genuine,False
その特技羨ましいな,0,1.0,targeted_urayamashii_genuine,False
その才能羨ましいよ,0,1.0,targeted_urayamashii_genuine,False
その集中力羨ましいな,0,1.0,targeted_urayamashii_genuine,False
その環境羨ましい、うちもそうだったらいいのに,0,1.0,targeted_urayamashii_genuine,False
その経験羨ましいな、憧れる,0,1.0,targeted_urayamashii_genuine,False
その語学力羨ましい,0,1.0,targeted_urayamashii_genuine,False
その体力羨ましいよ,0,1.0,targeted_urayamashii_genuine,False
その記憶力羨ましいな,0,1.0,targeted_urayamashii_genuine,False
その家族仲羨ましい,0,1.0,targeted_urayamashii_genuine,False
その趣味羨ましいな、楽しそう,0,1.0,targeted_urayamashii_genuine,False
その休暇羨ましい、いいなあ,0,1.0,targeted_urayamashii_genuine,False
その関係性羨ましいな,0,1.0,targeted_urayamashii_genuine,False
その資料、明日までにお願いします,0,1.0,targeted_sono_neutral2,False
その案、良さそうですね,0,1.0,targeted_sono_neutral2,False
その音楽、好きだな,0,1.0,targeted_sono_neutral2,False
その靴下、どこで買ったの,0,1.0,targeted_sono_neutral2,False
その話、続き聞きたいな,0,1.0,targeted_sono_neutral2,False
その電車、何時発ですか,0,1.0,targeted_sono_neutral2,False
その本、貸してもらえる,0,1.0,targeted_sono_neutral2,False
その予定、来週で大丈夫です,0,1.0,targeted_sono_neutral2,False
その質問、いい着眼点ですね,0,1.0,targeted_sono_neutral2,False
その手続き、こちらで進めておきます,0,1.0,targeted_sono_neutral2,False
その場所、行ったことあるよ,0,1.0,targeted_sono_neutral2,False
その件、了解しました,0,1.0,targeted_sono_neutral2,False
そのレシピ、今度作ってみるね,0,1.0,targeted_sono_neutral2,False
その番組、面白かったよ,0,1.0,targeted_sono_neutral2,False
そのアプリ、便利だね,0,1.0,targeted_sono_neutral2,False
その花、きれいだね,0,1.0,targeted_sono_neutral2,False
その道具、使いやすそうだね,0,1.0,targeted_sono_neutral2,False
その天気なら傘いらないね,0,1.0,targeted_sono_neutral2,False
その時間帯、空いてます,0,1.0,targeted_sono_neutral2,False
その資格、来年取る予定です,0,1.0,targeted_sono_neutral2,False
その意見に賛成です,0,1.0,targeted_sono_neutral2,False
その説明、もう一度お願いできますか,0,1.0,targeted_sono_neutral2,False
その注文、承りました,0,1.0,targeted_sono_neutral2,False
その日は予定が空いています,0,1.0,targeted_sono_neutral2,False
その色、私も好きです,0,1.0,targeted_sono_neutral2,False
勉強できないです,0,1.0,targeted_self_disclosure,False
泳げないです,0,1.0,targeted_self_disclosure,False
料理苦手です,0,1.0,targeted_self_disclosure,False
英語話せないです,0,1.0,targeted_self_disclosure,False
運動神経悪いです,0,1.0,targeted_self_disclosure,False
早起きできないです,0,1.0,targeted_self_disclosure,False
人前で話すの苦手です,0,1.0,targeted_self_disclosure,False
方向音痴なんです,0,1.0,targeted_self_disclosure,False
機械に弱いんです,0,1.0,targeted_self_disclosure,False
お酒飲めないんです,0,1.0,targeted_self_disclosure,False
漢字読めないです,0,1.0,targeted_self_disclosure,False
パソコン詳しくないです,0,1.0,targeted_self_disclosure,False
運転苦手なんです,0,1.0,targeted_self_disclosure,False
虫が苦手です,0,1.0,targeted_self_disclosure,False
高い所が怖いです,0,1.0,targeted_self_disclosure,False
数学できないんです,0,1.0,targeted_self_disclosure,False
絵が下手なんです,0,1.0,targeted_self_disclosure,False
歌が苦手です,0,1.0,targeted_self_disclosure,False
時間管理が苦手です,0,1.0,targeted_self_disclosure,False
人見知りなんです,0,1.0,targeted_self_disclosure,False
お前勉強できないよね,1,1.0,targeted_other_directed_mock,False
泳げないなんて情けない,1,1.0,targeted_other_directed_mock,False
その料理下手だね,1,1.0,targeted_other_directed_mock,False
英語も話せないの,1,1.0,targeted_other_directed_mock,False
運動神経悪すぎでしょ,1,1.0,targeted_other_directed_mock,False
早起きすらできないんだ,1,1.0,targeted_other_directed_mock,False
人前で話すの下手だよね,1,1.0,targeted_other_directed_mock,False
方向音痴すぎて呆れる,1,1.0,targeted_other_directed_mock,False
機械に弱すぎるでしょ,1,1.0,targeted_other_directed_mock,False
お酒も飲めないの,1,1.0,targeted_other_directed_mock,False
漢字も読めないなんて,1,1.0,targeted_other_directed_mock,False
パソコンも使えないの,1,1.0,targeted_other_directed_mock,False
運転下手すぎるでしょ,1,1.0,targeted_other_directed_mock,False
虫も怖がるなんて子供みたい,1,1.0,targeted_other_directed_mock,False
高い所も怖いなんて情けない,1,1.0,targeted_other_directed_mock,False
数学もできないの,1,1.0,targeted_other_directed_mock,False
絵下手すぎでしょ,1,1.0,targeted_other_directed_mock,False
歌下手だね,1,1.0,targeted_other_directed_mock,False
時間管理もできないの,1,1.0,targeted_other_directed_mock,False
人見知りすぎて使えない,1,1.0,targeted_other_directed_mock,False